1,55240
2,49344
3,45711
4,44040
5,27665
6,22253
7,12863
8,9795
9,9433
10,9238
11,9182
12,8779
13,8706
14,7761
15,7661
16,7628
17,7375
18,7264
19,7204
20,7034
21,6886
22,6543
23,6514
24,6324
25,6296
26,5743
27,5718
28,5717
29,5711
30,5632
31,5630
32,5499
33,5277
34,5186
35,4870
36,4792
37,4747
38,4641
39,4597
40,4419
41,4409
42,4263
43,4232
44,4079
45,4019
46,3981
47,3978
48,3892
49,3877
50,3834
51,3823
52,3780
53,3683
54,3543
55,3540
56,3474
57,3385
58,3286
59,3278
60,3184
61,3173
62,3108
63,3032
64,2986
65,2939
66,2899
67,2828
68,2813
69,2805
70,2761
71,2758
72,2739
73,2683
74,2676
75,2634
76,2619
77,2517
78,2507
79,2500
80,2461
81,2421
82,2405
83,2385
84,2383
85,2378
86,2357
87,2332
88,2293
89,2270
90,2257
91,2231
92,2210
93,2187
94,2166
95,2157
96,2140
97,2135
98,2109
99,2091
100,2078
101,2069
102,2062
103,2060
104,2057
105,2053
106,2053
107,2046
108,2035
109,2029
110,2023
111,2023
112,2016
113,2005
114,2003
115,1992
116,1992
117,1989
118,1951
119,1943
120,1937
121,1917
122,1859
123,1842
124,1839
125,1812
126,1793
127,1773
128,1768
129,1766
130,1760
131,1757
132,1743
133,1730
134,1729
135,1728
136,1720
137,1718
138,1714
139,1713
140,1711
141,1694
142,1689
143,1669
144,1668
145,1662
146,1633
147,1631
148,1627
149,1615
150,1611
151,1598
152,1549
153,1548
154,1534
155,1529
156,1529
157,1526
158,1525
159,1513
160,1507
161,1501
162,1494
163,1490
164,1486
165,1485
166,1480
167,1480
168,1464
169,1461
170,1455
171,1450
172,1439
173,1435
174,1431
175,1427
176,1422
177,1404
178,1404
179,1354
180,1345
181,1313
182,1304
183,1300
184,1300
185,1287
186,1286
187,1270
188,1266
189,1264
190,1262
191,1253
192,1252
193,1249
194,1247
195,1246
196,1246
197,1241
198,1239
199,1234
200,1233
201,1212
202,1210
203,1203
204,1195
205,1192
206,1192
207,1191
208,1181
209,1178
210,1177
211,1174
212,1166
213,1160
214,1159
215,1147
216,1146
217,1142
218,1133
219,1127
220,1125
221,1123
222,1121
223,1119
224,1118
225,1109
226,1102
227,1101
228,1099
229,1099
230,1091
231,1084
232,1070
233,1063
234,1063
235,1062
236,1056
237,1051
238,1051
239,1050
240,1050
241,1032
242,1030
243,1024
244,1022
245,1014
246,1012
247,1009
248,1007
249,1006
250,1005
251,1005
252,1003
253,999
254,997
255,996
256,995
257,994
258,994
259,992
260,991
261,990
262,985
263,984
264,979
265,979
266,978
267,978
268,975
269,973
270,969
271,965
272,963
273,962
274,961
275,960
276,957
277,954
278,954
279,953
280,952
281,950
282,940
283,938
284,935
285,934
286,934
287,933
288,932
289,924
290,920
291,918
292,911
293,910
294,909
295,906
296,900
297,899
298,899
299,893
300,885
301,885
302,884
303,881
304,877
305,876
306,875
307,874
308,873
309,873
310,872
311,868
312,868
313,863
314,859
315,857
316,849
317,848
318,848
319,845
320,839
321,838
322,836
323,835
324,832
325,831
326,830
327,826
328,826
329,819
330,816
331,814
332,808
333,808
334,807
335,806
336,804
337,795
338,791
339,788
340,788
341,783
342,780
343,779
344,779
345,778
346,778
347,773
348,773
349,773
350,772
351,768
352,765
353,764
354,762
355,762
356,759
357,759
358,758
359,756
360,756
361,755
362,753
363,752
364,752
365,750
366,750
367,749
368,741
369,735
370,735
371,733
372,730
373,726
374,726
375,725
376,723
377,721
378,720
379,719
380,718
381,715
382,715
383,715
384,713
385,712
386,712
387,711
388,711
389,710
390,710
391,707
392,707
393,707
394,706
395,703
396,703
397,696
398,695
399,692
400,691
401,691
402,691
403,690
404,690
405,690
406,687
407,684
408,681
409,680
410,678
411,675
412,673
413,672
414,671
415,671
416,668
417,667
418,667
419,664
420,662
421,662
422,661
423,660
424,660
425,659
426,657
427,656
428,655
429,654
430,649
431,649
432,648
433,647
434,646
435,645
436,644
437,642
438,641
439,640
440,639
441,639
442,638
443,638
444,637
445,636
446,635
447,634
448,633
449,632
450,631
451,628
452,628
453,627
454,626
455,622
456,622
457,621
458,621
459,619
460,618
461,618
462,618
463,615
464,614
465,613
466,612
467,611
468,607
469,603
470,602
471,602
472,601
473,601
474,601
475,600
476,598
477,598
478,595
479,595
480,594
481,594
482,594
483,593
484,592
485,590
486,590
487,589
488,589
489,587
490,587
491,586
492,585
493,585
494,584
495,583
496,583
497,580
498,579
499,579
500,578
501,577
502,577
503,577
504,576
505,575
506,575
507,574
508,574
509,573
510,573
511,572
512,572
513,568
514,562
515,561
516,560
517,560
518,560
519,559
520,557
521,556
522,555
523,555
524,554
525,552
526,551
527,551
528,550
529,547
530,546
531,546
532,543
533,540
534,540
535,538
536,536
537,533
538,532
539,531
540,531
541,531
542,531
543,530
544,528
545,528
546,527
547,524
548,523
549,521
550,521
551,521
552,520
553,520
554,518
555,518
556,518
557,518
558,517
559,516
560,515
561,513
562,513
563,513
564,512
565,512
566,512
567,508
568,505
569,505
570,504
571,503
572,502
573,499
574,498
575,497
576,497
577,497
578,496
579,496
580,496
581,491
582,490
583,490
584,488
585,486
586,486
587,484
588,483
589,482
590,482
591,482
592,481
593,481
594,481
595,481
596,480
597,480
598,479
599,478
600,477
601,476
602,476
603,473
604,472
605,471
606,469
607,469
608,469
609,467
610,466
611,465
612,464
613,464
614,464
615,462
616,462
617,460
618,460
619,460
620,460
621,460
622,459
623,459
624,458
625,456
626,456
627,456
628,454
629,449
630,448
631,448
632,447
633,447
634,446
635,446
636,445
637,445
638,444
639,444
640,443
641,441
642,440
643,440
644,439
645,439
646,438
647,438
648,437
649,433
650,432
651,431
652,429
653,428
654,428
655,427
656,426
657,426
658,425
659,425
660,425
661,424
662,424
663,424
664,423
665,423
666,423
667,423
668,421
669,421
670,420
671,420
672,420
673,420
674,419
675,418
676,417
677,414
678,413
679,412
680,412
681,411
682,409
683,408
684,408
685,408
686,408
687,407
688,406
689,406
690,406
691,406
692,404
693,403
694,403
695,403
696,401
697,400
698,399
699,399
700,399
701,399
702,399
703,398
704,397
705,397
706,396
707,396
708,396
709,396
710,395
711,394
712,394
713,392
714,392
715,391
716,391
717,390
718,390
719,390
720,389
721,389
722,389
723,388
724,388
725,388
726,387
727,386
728,386
729,386
730,386
731,386
732,385
733,385
734,384
735,383
736,382
737,382
738,382
739,380
740,378
741,378
742,378
743,376
744,376
745,376
746,376
747,376
748,375
749,374
750,373
751,373
752,373
753,372
754,370
755,369
756,369
757,368
758,367
759,367
760,367
761,366
762,364
763,364
764,364
765,364
766,364
767,362
768,362
769,361
770,361
771,361
772,361
773,361
774,360
775,360
776,360
777,360
778,359
779,359
780,358
781,358
782,357
783,357
784,357
785,355
786,354
787,354
788,354
789,353
790,352
791,352
792,352
793,351
794,351
795,351
796,351
797,350
798,349
799,349
800,348
801,348
802,347
803,347
804,346
805,345
806,344
807,344
808,343
809,343
810,343
811,343
812,343
813,343
814,342
815,342
816,342
817,341
818,341
819,340
820,339
821,339
822,339
823,338
824,337
825,334
826,334
827,333
828,333
829,333
830,332
831,332
832,332
833,331
834,331
835,331
836,330
837,329
838,328
839,328
840,327
841,327
842,326
843,326
844,325
845,325
846,324
847,324
848,323
849,323
850,323
851,323
852,323
853,323
854,322
855,322
856,322
857,321
858,321
859,321
860,320
861,320
862,320
863,320
864,320
865,318
866,318
867,318
868,318
869,318
870,317
871,317
872,316
873,316
874,316
875,316
876,316
877,315
878,315
879,314
880,314
881,313
882,313
883,313
884,313
885,312
886,312
887,312
888,311
889,311
890,310
891,310
892,310
893,309
894,308
895,308
896,308
897,308
898,307
899,307
900,307
901,307
902,307
903,307
904,306
905,306
906,306
907,305
908,305
909,304
910,304
911,304
912,304
913,303
914,303
915,303
916,303
917,302
918,301
919,301
920,301
921,300
922,300
923,300
924,300
925,299
926,299
927,298
928,298
929,297
930,297
931,297
932,297
933,296
934,296
935,296
936,296
937,295
938,295
939,294
940,294
941,294
942,293
943,293
944,293
945,293
946,293
947,293
948,293
949,292
950,292
951,292
952,291
953,291
954,290
955,290
956,290
957,289
958,288
959,288
960,287
961,287
962,287
963,287
964,286
965,286
966,285
967,285
968,284
969,283
970,283
971,282
972,282
973,281
974,281
975,281
976,280
977,279
978,278
979,278
980,278
981,277
982,277
983,277
984,276
985,276
986,275
987,275
988,275
989,275
990,274
991,274
992,274
993,273
994,273
995,273
996,273
997,272
998,272
999,272
1000,272
1001,272
1002,271
1003,270
1004,270
1005,270
1006,269
1007,269
1008,268
1009,268
1010,267
1011,267
1012,267
1013,267
1014,266
1015,266
1016,266
1017,265
1018,265
1019,264
1020,264
1021,263
1022,263
1023,263
1024,263
1025,262
1026,262
1027,262
1028,262
1029,262
1030,261
1031,261
1032,261
1033,260
1034,259
1035,259
1036,258
1037,258
1038,257
1039,256
1040,256
1041,256
1042,256
1043,256
1044,255
1045,255
1046,255
1047,254
1048,254
1049,254
1050,253
1051,253
1052,253
1053,253
1054,251
1055,251
1056,251
1057,250
1058,249
1059,249
1060,249
1061,248
1062,248
1063,247
1064,247
1065,247
1066,247
1067,247
1068,247
1069,246
1070,246
1071,246
1072,246
1073,246
1074,245
1075,245
1076,244
1077,244
1078,244
1079,243
1080,243
1081,243
1082,243
1083,242
1084,242
1085,241
1086,241
1087,241
1088,240
1089,240
1090,239
1091,239
1092,239
1093,238
1094,238
1095,238
1096,238
1097,237
1098,236
1099,236
1100,235
1101,235
1102,235
1103,235
1104,235
1105,235
1106,234
1107,234
1108,234
1109,234
1110,234
1111,233
1112,233
1113,233
1114,233
1115,232
1116,232
1117,231
1118,231
1119,231
1120,231
1121,231
1122,231
1123,231
1124,231
1125,230
1126,230
1127,230
1128,230
1129,230
1130,229
1131,229
1132,229
1133,229
1134,228
1135,228
1136,228
1137,227
1138,227
1139,227
1140,227
1141,226
1142,226
1143,226
1144,226
1145,225
1146,225
1147,225
1148,225
1149,224
1150,224
1151,224
1152,224
1153,224
1154,223
1155,222
1156,222
1157,222
1158,222
1159,222
1160,221
1161,221
1162,221
1163,220
1164,219
1165,219
1166,219
1167,218
1168,217
1169,217
1170,217
1171,217
1172,216
1173,216
1174,216
1175,216
1176,216
1177,216
1178,215
1179,215
1180,215
1181,214
1182,214
1183,213
1184,213
1185,213
1186,213
1187,213
1188,213
1189,213
1190,212
1191,212
1192,212
1193,212
1194,211
1195,210
1196,210
1197,209
1198,209
1199,209
1200,208
1201,208
1202,208
1203,208
1204,207
1205,207
1206,207
1207,207
1208,207
1209,207
1210,206
1211,206
1212,205
1213,205
1214,205
1215,205
1216,205
1217,205
1218,205
1219,205
1220,204
1221,204
1222,204
1223,204
1224,204
1225,204
1226,204
1227,203
1228,203
1229,203
1230,202
1231,202
1232,202
1233,202
1234,201
1235,201
1236,201
1237,200
1238,200
1239,200
1240,199
1241,199
1242,199
1243,199
1244,199
1245,198
1246,198
1247,198
1248,198
1249,197
1250,197
1251,197
1252,197
1253,197
1254,197
1255,197
1256,197
1257,197
1258,197
1259,196
1260,196
1261,196
1262,196
1263,195
1264,195
1265,195
1266,195
1267,195
1268,195
1269,194
1270,193
1271,193
1272,193
1273,192
1274,192
1275,192
1276,192
1277,191
1278,191
1279,191
1280,191
1281,191
1282,190
1283,190
1284,190
1285,190
1286,190
1287,189
1288,189
1289,189
1290,189
1291,189
1292,188
1293,188
1294,188
1295,188
1296,187
1297,187
1298,187
1299,187
1300,186
1301,186
1302,186
1303,186
1304,186
1305,186
1306,186
1307,185
1308,185
1309,185
1310,185
1311,185
1312,185
1313,184
1314,184
1315,184
1316,184
1317,183
1318,183
1319,183
1320,183
1321,183
1322,183
1323,183
1324,182
1325,182
1326,182
1327,181
1328,181
1329,181
1330,180
1331,180
1332,180
1333,180
1334,180
1335,180
1336,180
1337,179
1338,179
1339,178
1340,178
1341,178
1342,178
1343,178
1344,178
1345,177
1346,177
1347,177
1348,176
1349,176
1350,176
1351,176
1352,175
1353,175
1354,175
1355,175
1356,175
1357,175
1358,174
1359,174
1360,174
1361,174
1362,174
1363,174
1364,174
1365,174
1366,174
1367,173
1368,173
1369,173
1370,173
1371,173
1372,173
1373,173
1374,173
1375,173
1376,173
1377,172
1378,172
1379,172
1380,172
1381,171
1382,171
1383,171
1384,170
1385,170
1386,170
1387,170
1388,170
1389,170
1390,170
1391,170
1392,169
1393,169
1394,169
1395,169
1396,169
1397,168
1398,168
1399,168
1400,168
1401,167
1402,167
1403,167
1404,167
1405,167
1406,167
1407,167
1408,167
1409,166
1410,166
1411,166
1412,165
1413,165
1414,165
1415,165
1416,165
1417,165
1418,165
1419,165
1420,164
1421,164
1422,164
1423,164
1424,164
1425,164
1426,164
1427,163
1428,163
1429,163
1430,163
1431,163
1432,162
1433,162
1434,162
1435,162
1436,162
1437,162
1438,161
1439,161
1440,161
1441,160
1442,160
1443,160
1444,160
1445,160
1446,159
1447,159
1448,159
1449,159
1450,159
1451,159
1452,158
1453,158
1454,158
1455,158
1456,157
1457,157
1458,157
1459,157
1460,157
1461,157
1462,156
1463,156
1464,156
1465,156
1466,156
1467,155
1468,155
1469,155
1470,155
1471,155
1472,155
1473,155
1474,155
1475,155
1476,155
1477,155
1478,154
1479,154
1480,154
1481,154
1482,154
1483,154
1484,153
1485,153
1486,153
1487,153
1488,153
1489,152
1490,152
1491,152
1492,152
1493,150
1494,150
1495,150
1496,150
1497,150
1498,150
1499,149
1500,149
1501,149
1502,149
1503,149
1504,149
1505,149
1506,149
1507,148
1508,148
1509,148
1510,148
1511,148
1512,147
1513,147
1514,147
1515,147
1516,147
1517,147
1518,146
1519,146
1520,146
1521,146
1522,146
1523,146
1524,146
1525,145
1526,145
1527,145
1528,145
1529,145
1530,145
1531,145
1532,145
1533,144
1534,144
1535,144
1536,144
1537,144
1538,144
1539,144
1540,144
1541,143
1542,143
1543,143
1544,143
1545,143
1546,143
1547,143
1548,143
1549,142
1550,142
1551,142
1552,142
1553,142
1554,142
1555,142
1556,142
1557,141
1558,141
1559,141
1560,141
1561,141
1562,141
1563,140
1564,140
1565,140
1566,140
1567,139
1568,139
1569,139
1570,139
1571,139
1572,139
1573,139
1574,139
1575,138
1576,137
1577,137
1578,137
1579,137
1580,137
1581,137
1582,136
1583,136
1584,136
1585,136
1586,136
1587,136
1588,136
1589,135
1590,135
1591,135
1592,135
1593,135
1594,135
1595,134
1596,134
1597,134
1598,134
1599,134
1600,134
1601,134
1602,134
1603,133
1604,133
1605,133
1606,133
1607,133
1608,133
1609,133
1610,132
1611,132
1612,132
1613,132
1614,132
1615,132
1616,132
1617,132
1618,132
1619,132
1620,131
1621,131
1622,131
1623,131
1624,131
1625,131
1626,131
1627,131
1628,131
1629,131
1630,131
1631,131
1632,130
1633,130
1634,130
1635,130
1636,130
1637,130
1638,130
1639,130
1640,130
1641,130
1642,129
1643,129
1644,129
1645,129
1646,129
1647,129
1648,128
1649,128
1650,128
1651,127
1652,127
1653,127
1654,127
1655,127
1656,127
1657,127
1658,127
1659,126
1660,126
1661,126
1662,126
1663,126
1664,126
1665,126
1666,126
1667,126
1668,126
1669,126
1670,126
1671,125
1672,125
1673,125
1674,125
1675,125
1676,125
1677,124
1678,124
1679,124
1680,124
1681,124
1682,124
1683,124
1684,124
1685,124
1686,123
1687,123
1688,123
1689,123
1690,123
1691,123
1692,123
1693,123
1694,123
1695,123
1696,122
1697,122
1698,122
1699,122
1700,122
1701,122
1702,122
1703,122
1704,122
1705,122
1706,122
1707,122
1708,122
1709,122
1710,122
1711,122
1712,122
1713,121
1714,121
1715,121
1716,121
1717,121
1718,121
1719,121
1720,121
1721,121
1722,121
1723,121
1724,120
1725,120
1726,120
1727,120
1728,120
1729,120
1730,120
1731,119
1732,119
1733,119
1734,119
1735,119
1736,119
1737,119
1738,119
1739,119
1740,119
1741,119
1742,119
1743,119
1744,118
1745,118
1746,118
1747,118
1748,118
1749,118
1750,118
1751,118
1752,118
1753,118
1754,118
1755,117
1756,117
1757,117
1758,117
1759,117
1760,117
1761,117
1762,117
1763,117
1764,117
1765,116
1766,116
1767,116
1768,116
1769,116
1770,116
1771,116
1772,116
1773,116
1774,116
1775,115
1776,115
1777,115
1778,115
1779,115
1780,115
1781,115
1782,115
1783,114
1784,114
1785,114
1786,114
1787,113
1788,113
1789,113
1790,113
1791,113
1792,113
1793,113
1794,112
1795,112
1796,112
1797,112
1798,112
1799,112
1800,112
1801,112
1802,112
1803,112
1804,112
1805,112
1806,111
1807,111
1808,111
1809,111
1810,111
1811,111
1812,111
1813,111
1814,111
1815,111
1816,111
1817,110
1818,110
1819,110
1820,110
1821,110
1822,110
1823,110
1824,110
1825,110
1826,110
1827,109
1828,109
1829,109
1830,109
1831,109
1832,109
1833,109
1834,109
1835,109
1836,109
1837,109
1838,108
1839,108
1840,108
1841,108
1842,108
1843,108
1844,108
1845,108
1846,108
1847,108
1848,108
1849,108
1850,108
1851,108
1852,108
1853,108
1854,108
1855,108
1856,108
1857,107
1858,107
1859,107
1860,107
1861,107
1862,107
1863,107
1864,107
1865,107
1866,107
1867,107
1868,107
1869,107
1870,107
1871,107
1872,107
1873,107
1874,107
1875,107
1876,107
1877,106
1878,106
1879,106
1880,106
1881,106
1882,106
1883,106
1884,106
1885,106
1886,106
1887,105
1888,105
1889,105
1890,105
1891,105
1892,105
1893,105
1894,105
1895,105
1896,105
1897,105
1898,105
1899,105
1900,104
1901,104
1902,104
1903,104
1904,104
1905,104
1906,104
1907,104
1908,104
1909,104
1910,104
1911,103
1912,103
1913,103
1914,103
1915,103
1916,103
1917,103
1918,103
1919,103
1920,102
1921,102
1922,102
1923,102
1924,102
1925,102
1926,102
1927,102
1928,102
1929,102
1930,102
1931,102
1932,102
1933,102
1934,102
1935,102
1936,102
1937,102
1938,102
1939,101
1940,101
1941,101
1942,101
1943,101
1944,101
1945,101
1946,101
1947,101
1948,101
1949,101
1950,101
1951,101
1952,101
1953,100
1954,100
1955,100
1956,100
1957,100
1958,100
1959,100
1960,100
1961,100
1962,100
1963,100
1964,100
1965,100
1966,100
1967,100
1968,100
1969,99
1970,99
1971,99
1972,99
1973,99
1974,99
1975,99
1976,99
1977,99
1978,99
1979,99
1980,98
1981,98
1982,98
1983,98
1984,98
1985,98
1986,98
1987,98
1988,98
1989,98
1990,98
1991,98
1992,98
1993,98
1994,98
1995,97
1996,97
1997,97
1998,97
1999,97
2000,97
2001,97
2002,97
2003,97
2004,97
2005,97
2006,97
2007,97
2008,96
2009,96
2010,96
2011,96
2012,96
2013,96
2014,96
2015,96
2016,96
2017,96
2018,96
2019,96
2020,96
2021,95
2022,95
2023,95
2024,95
2025,95
2026,95
2027,95
2028,95
2029,95
2030,95
2031,95
2032,95
2033,95
2034,94
2035,94
2036,94
2037,94
2038,94
2039,94
2040,94
2041,94
2042,94
2043,94
2044,93
2045,93
2046,93
2047,93
2048,93
2049,93
2050,93
2051,93
2052,93
2053,93
2054,93
2055,92
2056,92
2057,92
2058,92
2059,92
2060,92
2061,92
2062,92
2063,92
2064,92
2065,91
2066,91
2067,91
2068,91
2069,91
2070,91
2071,91
2072,91
2073,91
2074,91
2075,91
2076,91
2077,91
2078,91
2079,91
2080,90
2081,90
2082,90
2083,90
2084,90
2085,90
2086,90
2087,90
2088,90
2089,90
2090,90
2091,90
2092,89
2093,89
2094,89
2095,89
2096,89
2097,89
2098,89
2099,89
2100,89
2101,89
2102,89
2103,89
2104,89
2105,89
2106,89
2107,88
2108,88
2109,88
2110,88
2111,88
2112,88
2113,88
2114,88
2115,88
2116,88
2117,88
2118,88
2119,88
2120,87
2121,87
2122,87
2123,87
2124,87
2125,87
2126,87
2127,87
2128,87
2129,87
2130,87
2131,87
2132,87
2133,87
2134,87
2135,87
2136,87
2137,87
2138,87
2139,87
2140,87
2141,87
2142,87
2143,87
2144,86
2145,86
2146,86
2147,86
2148,86
2149,86
2150,86
2151,86
2152,86
2153,86
2154,86
2155,86
2156,86
2157,85
2158,85
2159,85
2160,85
2161,85
2162,85
2163,85
2164,85
2165,85
2166,85
2167,85
2168,85
2169,85
2170,85
2171,85
2172,85
2173,84
2174,84
2175,84
2176,84
2177,84
2178,84
2179,84
2180,84
2181,84
2182,84
2183,84
2184,84
2185,84
2186,84
2187,84
2188,84
2189,84
2190,84
2191,84
2192,84
2193,84
2194,83
2195,83
2196,83
2197,83
2198,83
2199,83
2200,83
2201,83
2202,83
2203,83
2204,83
2205,83
2206,83
2207,83
2208,83
2209,82
2210,82
2211,82
2212,82
2213,82
2214,82
2215,82
2216,82
2217,82
2218,82
2219,82
2220,82
2221,82
2222,82
2223,82
2224,81
2225,81
2226,81
2227,81
2228,81
2229,81
2230,81
2231,81
2232,81
2233,81
2234,81
2235,81
2236,81
2237,81
2238,81
2239,81
2240,81
2241,81
2242,80
2243,80
2244,80
2245,80
2246,80
2247,80
2248,80
2249,80
2250,80
2251,80
2252,80
2253,80
2254,80
2255,80
2256,80
2257,80
2258,80
2259,79
2260,79
2261,79
2262,79
2263,79
2264,79
2265,79
2266,79
2267,79
2268,79
2269,79
2270,79
2271,79
2272,79
2273,79
2274,79
2275,79
2276,79
2277,79
2278,79
2279,78
2280,78
2281,78
2282,78
2283,78
2284,78
2285,78
2286,78
2287,78
2288,78
2289,78
2290,78
2291,78
2292,78
2293,78
2294,78
2295,78
2296,78
2297,78
2298,78
2299,78
2300,77
2301,77
2302,77
2303,77
2304,77
2305,77
2306,77
2307,77
2308,77
2309,77
2310,77
2311,77
2312,77
2313,77
2314,77
2315,77
2316,77
2317,77
2318,77
2319,77
2320,77
2321,77
2322,77
2323,77
2324,77
2325,77
2326,77
2327,76
2328,76
2329,76
2330,76
2331,76
2332,76
2333,76
2334,76
2335,76
2336,76
2337,76
2338,76
2339,76
2340,76
2341,76
2342,76
2343,75
2344,75
2345,75
2346,75
2347,75
2348,75
2349,75
2350,75
2351,75
2352,75
2353,75
2354,75
2355,74
2356,74
2357,74
2358,74
2359,74
2360,74
2361,74
2362,74
2363,74
2364,74
2365,74
2366,74
2367,74
2368,74
2369,74
2370,74
2371,74
2372,74
2373,74
2374,74
2375,73
2376,73
2377,73
2378,73
2379,73
2380,73
2381,73
2382,73
2383,73
2384,73
2385,73
2386,73
2387,73
2388,73
2389,73
2390,73
2391,73
2392,73
2393,73
2394,73
2395,73
2396,73
2397,73
2398,73
2399,72
2400,72
2401,72
2402,72
2403,72
2404,72
2405,72
2406,72
2407,72
2408,72
2409,72
2410,72
2411,72
2412,72
2413,72
2414,72
2415,72
2416,72
2417,72
2418,71
2419,71
2420,71
2421,71
2422,71
2423,71
2424,71
2425,71
2426,71
2427,71
2428,71
2429,71
2430,71
2431,71
2432,71
2433,71
2434,71
2435,71
2436,71
2437,71
2438,71
2439,71
2440,71
2441,71
2442,70
2443,70
2444,70
2445,70
2446,70
2447,70
2448,70
2449,70
2450,70
2451,70
2452,70
2453,70
2454,70
2455,70
2456,70
2457,70
2458,70
2459,70
2460,70
2461,70
2462,69
2463,69
2464,69
2465,69
2466,69
2467,69
2468,69
2469,69
2470,69
2471,69
2472,69
2473,69
2474,69
2475,69
2476,68
2477,68
2478,68
2479,68
2480,68
2481,68
2482,68
2483,68
2484,68
2485,68
2486,68
2487,68
2488,68
2489,68
2490,68
2491,68
2492,67
2493,67
2494,67
2495,67
2496,67
2497,67
2498,67
2499,67
2500,67
2501,67
2502,67
2503,67
2504,67
2505,67
2506,67
2507,67
2508,67
2509,66
2510,66
2511,66
2512,66
2513,66
2514,66
2515,66
2516,66
2517,66
2518,66
2519,66
2520,66
2521,66
2522,66
2523,66
2524,66
2525,66
2526,66
2527,66
2528,66
2529,66
2530,66
2531,66
2532,66
2533,66
2534,66
2535,66
2536,66
2537,65
2538,65
2539,65
2540,65
2541,65
2542,65
2543,65
2544,65
2545,65
2546,65
2547,65
2548,65
2549,65
2550,65
2551,65
2552,65
2553,65
2554,65
2555,65
2556,64
2557,64
2558,64
2559,64
2560,64
2561,64
2562,64
2563,64
2564,64
2565,64
2566,64
2567,64
2568,64
2569,64
2570,64
2571,64
2572,64
2573,64
2574,64
2575,64
2576,64
2577,64
2578,64
2579,64
2580,64
2581,64
2582,63
2583,63
2584,63
2585,63
2586,63
2587,63
2588,63
2589,63
2590,63
2591,63
2592,63
2593,63
2594,63
2595,63
2596,63
2597,63
2598,63
2599,63
2600,62
2601,62
2602,62
2603,62
2604,62
2605,62
2606,62
2607,62
2608,62
2609,62
2610,62
2611,62
2612,62
2613,62
2614,62
2615,62
2616,62
2617,62
2618,62
2619,62
2620,62
2621,61
2622,61
2623,61
2624,61
2625,61
2626,61
2627,61
2628,61
2629,61
2630,61
2631,61
2632,61
2633,61
2634,61
2635,61
2636,61
2637,61
2638,61
2639,60
2640,60
2641,60
2642,60
2643,60
2644,60
2645,60
2646,60
2647,60
2648,60
2649,60
2650,60
2651,60
2652,60
2653,60
2654,60
2655,60
2656,60
2657,60
2658,60
2659,60
2660,60
2661,60
2662,60
2663,60
2664,60
2665,60
2666,60
2667,60
2668,60
2669,60
2670,59
2671,59
2672,59
2673,59
2674,59
2675,59
2676,59
2677,59
2678,59
2679,59
2680,59
2681,59
2682,59
2683,59
2684,59
2685,59
2686,59
2687,59
2688,59
2689,59
2690,59
2691,59
2692,59
2693,59
2694,59
2695,59
2696,59
2697,59
2698,59
2699,59
2700,58
2701,58
2702,58
2703,58
2704,58
2705,58
2706,58
2707,58
2708,58
2709,58
2710,58
2711,58
2712,58
2713,58
2714,58
2715,58
2716,58
2717,58
2718,58
2719,58
2720,58
2721,57
2722,57
2723,57
2724,57
2725,57
2726,57
2727,57
2728,57
2729,57
2730,57
2731,57
2732,57
2733,57
2734,57
2735,57
2736,57
2737,57
2738,57
2739,57
2740,57
2741,57
2742,57
2743,57
2744,57
2745,57
2746,57
2747,57
2748,57
2749,57
2750,57
2751,57
2752,56
2753,56
2754,56
2755,56
2756,56
2757,56
2758,56
2759,56
2760,56
2761,56
2762,56
2763,56
2764,56
2765,56
2766,56
2767,56
2768,56
2769,56
2770,56
2771,56
2772,56
2773,56
2774,56
2775,56
2776,56
2777,56
2778,56
2779,56
2780,56
2781,56
2782,56
2783,56
2784,56
2785,56
2786,56
2787,56
2788,55
2789,55
2790,55
2791,55
2792,55
2793,55
2794,55
2795,55
2796,55
2797,55
2798,55
2799,55
2800,55
2801,55
2802,55
2803,55
2804,55
2805,55
2806,55
2807,55
2808,55
2809,55
2810,54
2811,54
2812,54
2813,54
2814,54
2815,54
2816,54
2817,54
2818,54
2819,54
2820,54
2821,54
2822,54
2823,54
2824,54
2825,54
2826,54
2827,54
2828,54
2829,54
2830,54
2831,54
2832,54
2833,54
2834,54
2835,54
2836,53
2837,53
2838,53
2839,53
2840,53
2841,53
2842,53
2843,53
2844,53
2845,53
2846,53
2847,53
2848,53
2849,53
2850,53
2851,53
2852,53
2853,53
2854,53
2855,53
2856,53
2857,53
2858,53
2859,53
2860,52
2861,52
2862,52
2863,52
2864,52
2865,52
2866,52
2867,52
2868,52
2869,52
2870,52
2871,52
2872,52
2873,52
2874,52
2875,52
2876,52
2877,52
2878,52
2879,52
2880,52
2881,52
2882,52
2883,52
2884,52
2885,52
2886,52
2887,52
2888,52
2889,52
2890,52
2891,52
2892,52
2893,52
2894,51
2895,51
2896,51
2897,51
2898,51
2899,51
2900,51
2901,51
2902,51
2903,51
2904,51
2905,51
2906,51
2907,51
2908,51
2909,51
2910,51
2911,51
2912,51
2913,51
2914,51
2915,51
2916,51
2917,51
2918,51
2919,51
2920,51
2921,51
2922,51
2923,51
2924,51
2925,50
2926,50
2927,50
2928,50
2929,50
2930,50
2931,50
2932,50
2933,50
2934,50
2935,50
2936,50
2937,50
2938,50
2939,50
2940,50
2941,50
2942,50
2943,50
2944,50
2945,50
2946,50
2947,50
2948,50
2949,50
2950,50
2951,50
2952,50
2953,50
2954,50
2955,50
2956,50
2957,50
2958,50
2959,50
2960,50
2961,50
2962,50
2963,50
2964,50
2965,50
2966,50
2967,49
2968,49
2969,49
2970,49
2971,49
2972,49
2973,49
2974,49
2975,49
2976,49
2977,49
2978,49
2979,49
2980,49
2981,49
2982,49
2983,49
2984,49
2985,49
2986,49
2987,49
2988,49
2989,49
2990,49
2991,49
2992,49
2993,49
2994,49
2995,49
2996,49
2997,49
2998,49
2999,49
3000,49
3001,49
3002,49
3003,49
3004,49
3005,49
3006,49
3007,49
3008,48
3009,48
3010,48
3011,48
3012,48
3013,48
3014,48
3015,48
3016,48
3017,48
3018,48
3019,48
3020,48
3021,48
3022,48
3023,48
3024,48
3025,48
3026,48
3027,48
3028,48
3029,48
3030,48
3031,48
3032,48
3033,48
3034,48
3035,48
3036,48
3037,48
3038,48
3039,48
3040,48
3041,48
3042,47
3043,47
3044,47
3045,47
3046,47
3047,47
3048,47
3049,47
3050,47
3051,47
3052,47
3053,47
3054,47
3055,47
3056,47
3057,47
3058,47
3059,47
3060,47
3061,47
3062,47
3063,47
3064,47
3065,47
3066,47
3067,47
3068,47
3069,47
3070,47
3071,47
3072,47
3073,47
3074,47
3075,47
3076,47
3077,47
3078,47
3079,47
3080,47
3081,47
3082,47
3083,47
3084,46
3085,46
3086,46
3087,46
3088,46
3089,46
3090,46
3091,46
3092,46
3093,46
3094,46
3095,46
3096,46
3097,46
3098,46
3099,46
3100,46
3101,46
3102,46
3103,46
3104,46
3105,46
3106,46
3107,46
3108,46
3109,46
3110,46
3111,46
3112,46
3113,46
3114,46
3115,46
3116,46
3117,46
3118,46
3119,46
3120,46
3121,45
3122,45
3123,45
3124,45
3125,45
3126,45
3127,45
3128,45
3129,45
3130,45
3131,45
3132,45
3133,45
3134,45
3135,45
3136,45
3137,45
3138,45
3139,45
3140,45
3141,45
3142,45
3143,45
3144,45
3145,45
3146,45
3147,45
3148,45
3149,45
3150,45
3151,45
3152,45
3153,45
3154,45
3155,45
3156,45
3157,45
3158,45
3159,45
3160,45
3161,45
3162,45
3163,45
3164,45
3165,44
3166,44
3167,44
3168,44
3169,44
3170,44
3171,44
3172,44
3173,44
3174,44
3175,44
3176,44
3177,44
3178,44
3179,44
3180,44
3181,44
3182,44
3183,44
3184,44
3185,44
3186,44
3187,44
3188,44
3189,44
3190,44
3191,44
3192,44
3193,44
3194,44
3195,44
3196,44
3197,44
3198,44
3199,44
3200,44
3201,44
3202,44
3203,44
3204,44
3205,44
3206,44
3207,44
3208,44
3209,44
3210,44
3211,44
3212,44
3213,43
3214,43
3215,43
3216,43
3217,43
3218,43
3219,43
3220,43
3221,43
3222,43
3223,43
3224,43
3225,43
3226,43
3227,43
3228,43
3229,43
3230,43
3231,43
3232,43
3233,43
3234,43
3235,43
3236,43
3237,43
3238,43
3239,43
3240,43
3241,43
3242,43
3243,43
3244,43
3245,43
3246,43
3247,43
3248,43
3249,43
3250,43
3251,43
3252,43
3253,43
3254,43
3255,43
3256,43
3257,43
3258,42
3259,42
3260,42
3261,42
3262,42
3263,42
3264,42
3265,42
3266,42
3267,42
3268,42
3269,42
3270,42
3271,42
3272,42
3273,42
3274,42
3275,42
3276,42
3277,42
3278,42
3279,42
3280,42
3281,42
3282,42
3283,42
3284,42
3285,42
3286,42
3287,42
3288,42
3289,42
3290,42
3291,42
3292,42
3293,42
3294,42
3295,42
3296,42
3297,42
3298,42
3299,42
3300,42
3301,42
3302,42
3303,42
3304,42
3305,41
3306,41
3307,41
3308,41
3309,41
3310,41
3311,41
3312,41
3313,41
3314,41
3315,41
3316,41
3317,41
3318,41
3319,41
3320,41
3321,41
3322,41
3323,41
3324,41
3325,41
3326,41
3327,41
3328,41
3329,41
3330,41
3331,41
3332,41
3333,41
3334,41
3335,41
3336,41
3337,41
3338,41
3339,41
3340,41
3341,41
3342,41
3343,40
3344,40
3345,40
3346,40
3347,40
3348,40
3349,40
3350,40
3351,40
3352,40
3353,40
3354,40
3355,40
3356,40
3357,40
3358,40
3359,40
3360,40
3361,40
3362,40
3363,40
3364,40
3365,40
3366,40
3367,40
3368,40
3369,40
3370,40
3371,40
3372,40
3373,40
3374,40
3375,40
3376,40
3377,40
3378,40
3379,40
3380,40
3381,40
3382,40
3383,40
3384,40
3385,40
3386,40
3387,39
3388,39
3389,39
3390,39
3391,39
3392,39
3393,39
3394,39
3395,39
3396,39
3397,39
3398,39
3399,39
3400,39
3401,39
3402,39
3403,39
3404,39
3405,39
3406,39
3407,39
3408,39
3409,39
3410,39
3411,39
3412,39
3413,39
3414,39
3415,39
3416,39
3417,39
3418,39
3419,39
3420,39
3421,39
3422,39
3423,39
3424,39
3425,39
3426,39
3427,39
3428,39
3429,39
3430,39
3431,39
3432,39
3433,39
3434,39
3435,39
3436,39
3437,38
3438,38
3439,38
3440,38
3441,38
3442,38
3443,38
3444,38
3445,38
3446,38
3447,38
3448,38
3449,38
3450,38
3451,38
3452,38
3453,38
3454,38
3455,38
3456,38
3457,38
3458,38
3459,38
3460,38
3461,38
3462,38
3463,38
3464,38
3465,38
3466,38
3467,38
3468,38
3469,38
3470,38
3471,38
3472,38
3473,38
3474,38
3475,38
3476,38
3477,38
3478,38
3479,38
3480,38
3481,38
3482,38
3483,38
3484,38
3485,38
3486,38
3487,38
3488,38
3489,38
3490,37
3491,37
3492,37
3493,37
3494,37
3495,37
3496,37
3497,37
3498,37
3499,37
3500,37
3501,37
3502,37
3503,37
3504,37
3505,37
3506,37
3507,37
3508,37
3509,37
3510,37
3511,37
3512,37
3513,37
3514,37
3515,37
3516,37
3517,37
3518,37
3519,37
3520,37
3521,37
3522,37
3523,37
3524,37
3525,37
3526,37
3527,37
3528,37
3529,37
3530,37
3531,37
3532,37
3533,37
3534,37
3535,37
3536,37
3537,37
3538,37
3539,37
3540,37
3541,37
3542,36
3543,36
3544,36
3545,36
3546,36
3547,36
3548,36
3549,36
3550,36
3551,36
3552,36
3553,36
3554,36
3555,36
3556,36
3557,36
3558,36
3559,36
3560,36
3561,36
3562,36
3563,36
3564,36
3565,36
3566,36
3567,36
3568,36
3569,36
3570,36
3571,36
3572,36
3573,36
3574,36
3575,36
3576,36
3577,36
3578,36
3579,36
3580,36
3581,36
3582,36
3583,36
3584,36
3585,36
3586,36
3587,36
3588,36
3589,36
3590,36
3591,36
3592,36
3593,36
3594,36
3595,36
3596,36
3597,36
3598,36
3599,36
3600,36
3601,36
3602,36
3603,36
3604,36
3605,36
3606,35
3607,35
3608,35
3609,35
3610,35
3611,35
3612,35
3613,35
3614,35
3615,35
3616,35
3617,35
3618,35
3619,35
3620,35
3621,35
3622,35
3623,35
3624,35
3625,35
3626,35
3627,35
3628,35
3629,35
3630,35
3631,35
3632,35
3633,35
3634,35
3635,35
3636,35
3637,35
3638,35
3639,35
3640,35
3641,35
3642,35
3643,35
3644,35
3645,35
3646,35
3647,35
3648,35
3649,35
3650,35
3651,35
3652,35
3653,35
3654,35
3655,35
3656,35
3657,35
3658,35
3659,35
3660,35
3661,34
3662,34
3663,34
3664,34
3665,34
3666,34
3667,34
3668,34
3669,34
3670,34
3671,34
3672,34
3673,34
3674,34
3675,34
3676,34
3677,34
3678,34
3679,34
3680,34
3681,34
3682,34
3683,34
3684,34
3685,34
3686,34
3687,34
3688,34
3689,34
3690,34
3691,34
3692,34
3693,34
3694,34
3695,34
3696,34
3697,34
3698,34
3699,34
3700,34
3701,34
3702,34
3703,34
3704,34
3705,34
3706,34
3707,34
3708,34
3709,34
3710,34
3711,34
3712,34
3713,34
3714,34
3715,34
3716,34
3717,34
3718,34
3719,33
3720,33
3721,33
3722,33
3723,33
3724,33
3725,33
3726,33
3727,33
3728,33
3729,33
3730,33
3731,33
3732,33
3733,33
3734,33
3735,33
3736,33
3737,33
3738,33
3739,33
3740,33
3741,33
3742,33
3743,33
3744,33
3745,33
3746,33
3747,33
3748,33
3749,33
3750,33
3751,33
3752,33
3753,33
3754,33
3755,33
3756,33
3757,33
3758,33
3759,33
3760,33
3761,33
3762,33
3763,33
3764,33
3765,33
3766,33
3767,33
3768,33
3769,33
3770,33
3771,33
3772,33
3773,33
3774,33
3775,33
3776,33
3777,33
3778,33
3779,32
3780,32
3781,32
3782,32
3783,32
3784,32
3785,32
3786,32
3787,32
3788,32
3789,32
3790,32
3791,32
3792,32
3793,32
3794,32
3795,32
3796,32
3797,32
3798,32
3799,32
3800,32
3801,32
3802,32
3803,32
3804,32
3805,32
3806,32
3807,32
3808,32
3809,32
3810,32
3811,32
3812,32
3813,32
3814,32
3815,32
3816,32
3817,32
3818,32
3819,32
3820,32
3821,32
3822,32
3823,32
3824,32
3825,32
3826,32
3827,32
3828,32
3829,32
3830,32
3831,32
3832,32
3833,32
3834,32
3835,32
3836,32
3837,32
3838,32
3839,32
3840,32
3841,32
3842,32
3843,32
3844,32
3845,31
3846,31
3847,31
3848,31
3849,31
3850,31
3851,31
3852,31
3853,31
3854,31
3855,31
3856,31
3857,31
3858,31
3859,31
3860,31
3861,31
3862,31
3863,31
3864,31
3865,31
3866,31
3867,31
3868,31
3869,31
3870,31
3871,31
3872,31
3873,31
3874,31
3875,31
3876,31
3877,31
3878,31
3879,31
3880,31
3881,31
3882,31
3883,31
3884,31
3885,31
3886,31
3887,31
3888,31
3889,31
3890,31
3891,31
3892,31
3893,31
3894,31
3895,31
3896,31
3897,31
3898,31
3899,31
3900,31
3901,31
3902,31
3903,31
3904,31
3905,31
3906,31
3907,31
3908,31
3909,31
3910,31
3911,31
3912,30
3913,30
3914,30
3915,30
3916,30
3917,30
3918,30
3919,30
3920,30
3921,30
3922,30
3923,30
3924,30
3925,30
3926,30
3927,30
3928,30
3929,30
3930,30
3931,30
3932,30
3933,30
3934,30
3935,30
3936,30
3937,30
3938,30
3939,30
3940,30
3941,30
3942,30
3943,30
3944,30
3945,30
3946,30
3947,30
3948,30
3949,30
3950,30
3951,30
3952,30
3953,30
3954,30
3955,30
3956,30
3957,30
3958,30
3959,30
3960,30
3961,30
3962,30
3963,30
3964,30
3965,30
3966,30
3967,30
3968,30
3969,30
3970,30
3971,30
3972,30
3973,30
3974,30
3975,30
3976,30
3977,30
3978,30
3979,30
3980,30
3981,30
3982,30
3983,30
3984,30
3985,30
3986,30
3987,30
3988,29
3989,29
3990,29
3991,29
3992,29
3993,29
3994,29
3995,29
3996,29
3997,29
3998,29
3999,29
4000,29
4001,29
4002,29
4003,29
4004,29
4005,29
4006,29
4007,29
4008,29
4009,29
4010,29
4011,29
4012,29
4013,29
4014,29
4015,29
4016,29
4017,29
4018,29
4019,29
4020,29
4021,29
4022,29
4023,29
4024,29
4025,29
4026,29
4027,29
4028,29
4029,29
4030,29
4031,29
4032,29
4033,29
4034,29
4035,29
4036,29
4037,29
4038,29
4039,29
4040,29
4041,29
4042,29
4043,29
4044,29
4045,29
4046,29
4047,29
4048,29
4049,29
4050,29
4051,29
4052,29
4053,29
4054,28
4055,28
4056,28
4057,28
4058,28
4059,28
4060,28
4061,28
4062,28
4063,28
4064,28
4065,28
4066,28
4067,28
4068,28
4069,28
4070,28
4071,28
4072,28
4073,28
4074,28
4075,28
4076,28
4077,28
4078,28
4079,28
4080,28
4081,28
4082,28
4083,28
4084,28
4085,28
4086,28
4087,28
4088,28
4089,28
4090,28
4091,28
4092,28
4093,28
4094,28
4095,28
4096,28
4097,28
4098,28
4099,28
4100,28
4101,28
4102,28
4103,28
4104,28
4105,28
4106,28
4107,28
4108,28
4109,28
4110,28
4111,28
4112,28
4113,28
4114,28
4115,28
4116,28
4117,28
4118,28
4119,28
4120,28
4121,28
4122,28
4123,28
4124,28
4125,28
4126,28
4127,28
4128,28
4129,28
4130,28
4131,28
4132,28
4133,27
4134,27
4135,27
4136,27
4137,27
4138,27
4139,27
4140,27
4141,27
4142,27
4143,27
4144,27
4145,27
4146,27
4147,27
4148,27
4149,27
4150,27
4151,27
4152,27
4153,27
4154,27
4155,27
4156,27
4157,27
4158,27
4159,27
4160,27
4161,27
4162,27
4163,27
4164,27
4165,27
4166,27
4167,27
4168,27
4169,27
4170,27
4171,27
4172,27
4173,27
4174,27
4175,27
4176,27
4177,27
4178,27
4179,27
4180,27
4181,27
4182,27
4183,27
4184,27
4185,27
4186,27
4187,27
4188,27
4189,27
4190,27
4191,27
4192,27
4193,27
4194,27
4195,27
4196,27
4197,27
4198,27
4199,27
4200,27
4201,27
4202,27
4203,27
4204,27
4205,27
4206,27
4207,27
4208,27
4209,27
4210,27
4211,27
4212,27
4213,27
4214,27
4215,27
4216,27
4217,27
4218,27
4219,27
4220,27
4221,27
4222,27
4223,26
4224,26
4225,26
4226,26
4227,26
4228,26
4229,26
4230,26
4231,26
4232,26
4233,26
4234,26
4235,26
4236,26
4237,26
4238,26
4239,26
4240,26
4241,26
4242,26
4243,26
4244,26
4245,26
4246,26
4247,26
4248,26
4249,26
4250,26
4251,26
4252,26
4253,26
4254,26
4255,26
4256,26
4257,26
4258,26
4259,26
4260,26
4261,26
4262,26
4263,26
4264,26
4265,26
4266,26
4267,26
4268,26
4269,26
4270,26
4271,26
4272,26
4273,26
4274,26
4275,26
4276,26
4277,26
4278,26
4279,26
4280,26
4281,26
4282,26
4283,26
4284,26
4285,26
4286,26
4287,26
4288,26
4289,26
4290,26
4291,26
4292,26
4293,26
4294,26
4295,26
4296,26
4297,26
4298,26
4299,26
4300,26
4301,26
4302,26
4303,26
4304,26
4305,26
4306,25
4307,25
4308,25
4309,25
4310,25
4311,25
4312,25
4313,25
4314,25
4315,25
4316,25
4317,25
4318,25
4319,25
4320,25
4321,25
4322,25
4323,25
4324,25
4325,25
4326,25
4327,25
4328,25
4329,25
4330,25
4331,25
4332,25
4333,25
4334,25
4335,25
4336,25
4337,25
4338,25
4339,25
4340,25
4341,25
4342,25
4343,25
4344,25
4345,25
4346,25
4347,25
4348,25
4349,25
4350,25
4351,25
4352,25
4353,25
4354,25
4355,25
4356,25
4357,25
4358,25
4359,25
4360,25
4361,25
4362,25
4363,25
4364,25
4365,25
4366,25
4367,25
4368,25
4369,25
4370,25
4371,25
4372,25
4373,25
4374,25
4375,25
4376,25
4377,25
4378,25
4379,25
4380,25
4381,25
4382,24
4383,24
4384,24
4385,24
4386,24
4387,24
4388,24
4389,24
4390,24
4391,24
4392,24
4393,24
4394,24
4395,24
4396,24
4397,24
4398,24
4399,24
4400,24
4401,24
4402,24
4403,24
4404,24
4405,24
4406,24
4407,24
4408,24
4409,24
4410,24
4411,24
4412,24
4413,24
4414,24
4415,24
4416,24
4417,24
4418,24
4419,24
4420,24
4421,24
4422,24
4423,24
4424,24
4425,24
4426,24
4427,24
4428,24
4429,24
4430,24
4431,24
4432,24
4433,24
4434,24
4435,24
4436,24
4437,24
4438,24
4439,24
4440,24
4441,24
4442,24
4443,24
4444,24
4445,24
4446,24
4447,24
4448,24
4449,24
4450,24
4451,24
4452,24
4453,24
4454,24
4455,24
4456,24
4457,24
4458,24
4459,24
4460,24
4461,24
4462,24
4463,24
4464,24
4465,24
4466,24
4467,24
4468,24
4469,24
4470,24
4471,24
4472,24
4473,24
4474,24
4475,24
4476,24
4477,24
4478,24
4479,24
4480,24
4481,24
4482,24
4483,23
4484,23
4485,23
4486,23
4487,23
4488,23
4489,23
4490,23
4491,23
4492,23
4493,23
4494,23
4495,23
4496,23
4497,23
4498,23
4499,23
4500,23
4501,23
4502,23
4503,23
4504,23
4505,23
4506,23
4507,23
4508,23
4509,23
4510,23
4511,23
4512,23
4513,23
4514,23
4515,23
4516,23
4517,23
4518,23
4519,23
4520,23
4521,23
4522,23
4523,23
4524,23
4525,23
4526,23
4527,23
4528,23
4529,23
4530,23
4531,23
4532,23
4533,23
4534,23
4535,23
4536,23
4537,23
4538,23
4539,23
4540,23
4541,23
4542,23
4543,23
4544,23
4545,23
4546,23
4547,23
4548,23
4549,23
4550,23
4551,23
4552,23
4553,23
4554,23
4555,23
4556,23
4557,23
4558,23
4559,23
4560,23
4561,23
4562,23
4563,23
4564,23
4565,23
4566,23
4567,23
4568,23
4569,23
4570,23
4571,23
4572,23
4573,23
4574,23
4575,22
4576,22
4577,22
4578,22
4579,22
4580,22
4581,22
4582,22
4583,22
4584,22
4585,22
4586,22
4587,22
4588,22
4589,22
4590,22
4591,22
4592,22
4593,22
4594,22
4595,22
4596,22
4597,22
4598,22
4599,22
4600,22
4601,22
4602,22
4603,22
4604,22
4605,22
4606,22
4607,22
4608,22
4609,22
4610,22
4611,22
4612,22
4613,22
4614,22
4615,22
4616,22
4617,22
4618,22
4619,22
4620,22
4621,22
4622,22
4623,22
4624,22
4625,22
4626,22
4627,22
4628,22
4629,22
4630,22
4631,22
4632,22
4633,22
4634,22
4635,22
4636,22
4637,22
4638,22
4639,22
4640,22
4641,22
4642,22
4643,22
4644,22
4645,22
4646,22
4647,22
4648,22
4649,22
4650,22
4651,22
4652,22
4653,22
4654,22
4655,22
4656,22
4657,22
4658,22
4659,22
4660,22
4661,22
4662,22
4663,22
4664,22
4665,22
4666,22
4667,22
4668,22
4669,21
4670,21
4671,21
4672,21
4673,21
4674,21
4675,21
4676,21
4677,21
4678,21
4679,21
4680,21
4681,21
4682,21
4683,21
4684,21
4685,21
4686,21
4687,21
4688,21
4689,21
4690,21
4691,21
4692,21
4693,21
4694,21
4695,21
4696,21
4697,21
4698,21
4699,21
4700,21
4701,21
4702,21
4703,21
4704,21
4705,21
4706,21
4707,21
4708,21
4709,21
4710,21
4711,21
4712,21
4713,21
4714,21
4715,21
4716,21
4717,21
4718,21
4719,21
4720,21
4721,21
4722,21
4723,21
4724,21
4725,21
4726,21
4727,21
4728,21
4729,21
4730,21
4731,21
4732,21
4733,21
4734,21
4735,21
4736,21
4737,21
4738,21
4739,21
4740,21
4741,21
4742,21
4743,21
4744,21
4745,21
4746,21
4747,21
4748,21
4749,21
4750,21
4751,21
4752,21
4753,21
4754,21
4755,21
4756,21
4757,21
4758,21
4759,21
4760,21
4761,21
4762,21
4763,21
4764,21
4765,21
4766,21
4767,21
4768,21
4769,21
4770,21
4771,20
4772,20
4773,20
4774,20
4775,20
4776,20
4777,20
4778,20
4779,20
4780,20
4781,20
4782,20
4783,20
4784,20
4785,20
4786,20
4787,20
4788,20
4789,20
4790,20
4791,20
4792,20
4793,20
4794,20
4795,20
4796,20
4797,20
4798,20
4799,20
4800,20
4801,20
4802,20
4803,20
4804,20
4805,20
4806,20
4807,20
4808,20
4809,20
4810,20
4811,20
4812,20
4813,20
4814,20
4815,20
4816,20
4817,20
4818,20
4819,20
4820,20
4821,20
4822,20
4823,20
4824,20
4825,20
4826,20
4827,20
4828,20
4829,20
4830,20
4831,20
4832,20
4833,20
4834,20
4835,20
4836,20
4837,20
4838,20
4839,20
4840,20
4841,20
4842,20
4843,20
4844,20
4845,20
4846,20
4847,20
4848,20
4849,20
4850,20
4851,20
4852,20
4853,20
4854,20
4855,20
4856,20
4857,20
4858,20
4859,20
4860,20
4861,20
4862,20
4863,20
4864,20
4865,20
4866,20
4867,20
4868,20
4869,20
4870,20
4871,20
4872,20
4873,20
4874,20
4875,20
4876,20
4877,20
4878,20
4879,20
4880,20
4881,20
4882,20
4883,20
4884,20
4885,20
4886,20
4887,20
4888,20
4889,20
4890,20
4891,20
4892,20
4893,20
4894,20
4895,20
4896,19
4897,19
4898,19
4899,19
4900,19
4901,19
4902,19
4903,19
4904,19
4905,19
4906,19
4907,19
4908,19
4909,19
4910,19
4911,19
4912,19
4913,19
4914,19
4915,19
4916,19
4917,19
4918,19
4919,19
4920,19
4921,19
4922,19
4923,19
4924,19
4925,19
4926,19
4927,19
4928,19
4929,19
4930,19
4931,19
4932,19
4933,19
4934,19
4935,19
4936,19
4937,19
4938,19
4939,19
4940,19
4941,19
4942,19
4943,19
4944,19
4945,19
4946,19
4947,19
4948,19
4949,19
4950,19
4951,19
4952,19
4953,19
4954,19
4955,19
4956,19
4957,19
4958,19
4959,19
4960,19
4961,19
4962,19
4963,19
4964,19
4965,19
4966,19
4967,19
4968,19
4969,19
4970,19
4971,19
4972,19
4973,19
4974,19
4975,19
4976,19
4977,19
4978,19
4979,19
4980,19
4981,19
4982,19
4983,19
4984,19
4985,19
4986,19
4987,19
4988,19
4989,19
4990,19
4991,19
4992,19
4993,19
4994,19
4995,19
4996,19
4997,19
4998,19
4999,19
5000,19
5001,19
5002,19
5003,19
5004,19
5005,19
5006,19
5007,19
5008,19
5009,19
5010,19
5011,19
5012,19
5013,19
5014,19
5015,19
5016,19
5017,19
5018,19
5019,19
5020,19
5021,19
5022,19
5023,19
5024,19
5025,19
5026,19
5027,19
5028,19
5029,19
5030,19
5031,19
5032,19
5033,19
5034,19
5035,19
5036,19
5037,19
5038,19
5039,18
5040,18
5041,18
5042,18
5043,18
5044,18
5045,18
5046,18
5047,18
5048,18
5049,18
5050,18
5051,18
5052,18
5053,18
5054,18
5055,18
5056,18
5057,18
5058,18
5059,18
5060,18
5061,18
5062,18
5063,18
5064,18
5065,18
5066,18
5067,18
5068,18
5069,18
5070,18
5071,18
5072,18
5073,18
5074,18
5075,18
5076,18
5077,18
5078,18
5079,18
5080,18
5081,18
5082,18
5083,18
5084,18
5085,18
5086,18
5087,18
5088,18
5089,18
5090,18
5091,18
5092,18
5093,18
5094,18
5095,18
5096,18
5097,18
5098,18
5099,18
5100,18
5101,18
5102,18
5103,18
5104,18
5105,18
5106,18
5107,18
5108,18
5109,18
5110,18
5111,18
5112,18
5113,18
5114,18
5115,18
5116,18
5117,18
5118,18
5119,18
5120,18
5121,18
5122,18
5123,18
5124,18
5125,18
5126,18
5127,18
5128,18
5129,18
5130,18
5131,18
5132,18
5133,18
5134,18
5135,18
5136,18
5137,18
5138,18
5139,18
5140,18
5141,18
5142,18
5143,18
5144,18
5145,18
5146,18
5147,18
5148,18
5149,18
5150,18
5151,18
5152,18
5153,18
5154,18
5155,18
5156,18
5157,18
5158,18
5159,18
5160,18
5161,17
5162,17
5163,17
5164,17
5165,17
5166,17
5167,17
5168,17
5169,17
5170,17
5171,17
5172,17
5173,17
5174,17
5175,17
5176,17
5177,17
5178,17
5179,17
5180,17
5181,17
5182,17
5183,17
5184,17
5185,17
5186,17
5187,17
5188,17
5189,17
5190,17
5191,17
5192,17
5193,17
5194,17
5195,17
5196,17
5197,17
5198,17
5199,17
5200,17
5201,17
5202,17
5203,17
5204,17
5205,17
5206,17
5207,17
5208,17
5209,17
5210,17
5211,17
5212,17
5213,17
5214,17
5215,17
5216,17
5217,17
5218,17
5219,17
5220,17
5221,17
5222,17
5223,17
5224,17
5225,17
5226,17
5227,17
5228,17
5229,17
5230,17
5231,17
5232,17
5233,17
5234,17
5235,17
5236,17
5237,17
5238,17
5239,17
5240,17
5241,17
5242,17
5243,17
5244,17
5245,17
5246,17
5247,17
5248,17
5249,17
5250,17
5251,17
5252,17
5253,17
5254,17
5255,17
5256,17
5257,17
5258,17
5259,17
5260,17
5261,17
5262,17
5263,17
5264,17
5265,17
5266,17
5267,17
5268,17
5269,17
5270,17
5271,17
5272,17
5273,17
5274,17
5275,17
5276,17
5277,17
5278,17
5279,17
5280,17
5281,17
5282,17
5283,17
5284,17
5285,17
5286,17
5287,17
5288,17
5289,17
5290,17
5291,17
5292,17
5293,17
5294,17
5295,17
5296,17
5297,17
5298,17
5299,17
5300,16
5301,16
5302,16
5303,16
5304,16
5305,16
5306,16
5307,16
5308,16
5309,16
5310,16
5311,16
5312,16
5313,16
5314,16
5315,16
5316,16
5317,16
5318,16
5319,16
5320,16
5321,16
5322,16
5323,16
5324,16
5325,16
5326,16
5327,16
5328,16
5329,16
5330,16
5331,16
5332,16
5333,16
5334,16
5335,16
5336,16
5337,16
5338,16
5339,16
5340,16
5341,16
5342,16
5343,16
5344,16
5345,16
5346,16
5347,16
5348,16
5349,16
5350,16
5351,16
5352,16
5353,16
5354,16
5355,16
5356,16
5357,16
5358,16
5359,16
5360,16
5361,16
5362,16
5363,16
5364,16
5365,16
5366,16
5367,16
5368,16
5369,16
5370,16
5371,16
5372,16
5373,16
5374,16
5375,16
5376,16
5377,16
5378,16
5379,16
5380,16
5381,16
5382,16
5383,16
5384,16
5385,16
5386,16
5387,16
5388,16
5389,16
5390,16
5391,16
5392,16
5393,16
5394,16
5395,16
5396,16
5397,16
5398,16
5399,16
5400,16
5401,16
5402,16
5403,16
5404,16
5405,16
5406,16
5407,16
5408,16
5409,16
5410,16
5411,16
5412,16
5413,16
5414,16
5415,16
5416,16
5417,16
5418,16
5419,16
5420,16
5421,16
5422,16
5423,16
5424,16
5425,16
5426,16
5427,16
5428,16
5429,16
5430,16
5431,16
5432,16
5433,16
5434,16
5435,16
5436,16
5437,16
5438,16
5439,16
5440,16
5441,16
5442,16
5443,16
5444,16
5445,16
5446,16
5447,16
5448,16
5449,16
5450,16
5451,16
5452,16
5453,16
5454,16
5455,16
5456,15
5457,15
5458,15
5459,15
5460,15
5461,15
5462,15
5463,15
5464,15
5465,15
5466,15
5467,15
5468,15
5469,15
5470,15
5471,15
5472,15
5473,15
5474,15
5475,15
5476,15
5477,15
5478,15
5479,15
5480,15
5481,15
5482,15
5483,15
5484,15
5485,15
5486,15
5487,15
5488,15
5489,15
5490,15
5491,15
5492,15
5493,15
5494,15
5495,15
5496,15
5497,15
5498,15
5499,15
5500,15
5501,15
5502,15
5503,15
5504,15
5505,15
5506,15
5507,15
5508,15
5509,15
5510,15
5511,15
5512,15
5513,15
5514,15
5515,15
5516,15
5517,15
5518,15
5519,15
5520,15
5521,15
5522,15
5523,15
5524,15
5525,15
5526,15
5527,15
5528,15
5529,15
5530,15
5531,15
5532,15
5533,15
5534,15
5535,15
5536,15
5537,15
5538,15
5539,15
5540,15
5541,15
5542,15
5543,15
5544,15
5545,15
5546,15
5547,15
5548,15
5549,15
5550,15
5551,15
5552,15
5553,15
5554,15
5555,15
5556,15
5557,15
5558,15
5559,15
5560,15
5561,15
5562,15
5563,15
5564,15
5565,15
5566,15
5567,15
5568,15
5569,15
5570,15
5571,15
5572,15
5573,15
5574,15
5575,15
5576,15
5577,15
5578,15
5579,15
5580,15
5581,15
5582,15
5583,15
5584,15
5585,15
5586,15
5587,15
5588,15
5589,15
5590,15
5591,15
5592,15
5593,15
5594,15
5595,15
5596,15
5597,15
5598,15
5599,15
5600,15
5601,15
5602,15
5603,15
5604,15
5605,15
5606,15
5607,15
5608,15
5609,15
5610,15
5611,15
5612,15
5613,15
5614,15
5615,15
5616,15
5617,15
5618,15
5619,15
5620,15
5621,15
5622,15
5623,15
5624,15
5625,15
5626,15
5627,15
5628,15
5629,15
5630,15
5631,14
5632,14
5633,14
5634,14
5635,14
5636,14
5637,14
5638,14
5639,14
5640,14
5641,14
5642,14
5643,14
5644,14
5645,14
5646,14
5647,14
5648,14
5649,14
5650,14
5651,14
5652,14
5653,14
5654,14
5655,14
5656,14
5657,14
5658,14
5659,14
5660,14
5661,14
5662,14
5663,14
5664,14
5665,14
5666,14
5667,14
5668,14
5669,14
5670,14
5671,14
5672,14
5673,14
5674,14
5675,14
5676,14
5677,14
5678,14
5679,14
5680,14
5681,14
5682,14
5683,14
5684,14
5685,14
5686,14
5687,14
5688,14
5689,14
5690,14
5691,14
5692,14
5693,14
5694,14
5695,14
5696,14
5697,14
5698,14
5699,14
5700,14
5701,14
5702,14
5703,14
5704,14
5705,14
5706,14
5707,14
5708,14
5709,14
5710,14
5711,14
5712,14
5713,14
5714,14
5715,14
5716,14
5717,14
5718,14
5719,14
5720,14
5721,14
5722,14
5723,14
5724,14
5725,14
5726,14
5727,14
5728,14
5729,14
5730,14
5731,14
5732,14
5733,14
5734,14
5735,14
5736,14
5737,14
5738,14
5739,14
5740,14
5741,14
5742,14
5743,14
5744,14
5745,14
5746,14
5747,14
5748,14
5749,14
5750,14
5751,14
5752,14
5753,14
5754,14
5755,14
5756,14
5757,14
5758,14
5759,14
5760,14
5761,14
5762,14
5763,14
5764,14
5765,14
5766,14
5767,14
5768,14
5769,14
5770,14
5771,14
5772,14
5773,14
5774,14
5775,14
5776,14
5777,14
5778,14
5779,14
5780,14
5781,14
5782,14
5783,14
5784,14
5785,14
5786,14
5787,14
5788,14
5789,14
5790,14
5791,14
5792,14
5793,14
5794,14
5795,14
5796,14
5797,14
5798,14
5799,14
5800,14
5801,14
5802,14
5803,14
5804,14
5805,14
5806,14
5807,14
5808,14
5809,14
5810,14
5811,14
5812,14
5813,14
5814,14
5815,14
5816,14
5817,14
5818,14
5819,14
5820,14
5821,14
5822,14
5823,14
5824,14
5825,14
5826,14
5827,14
5828,14
5829,14
5830,14
5831,14
5832,14
5833,14
5834,14
5835,13
5836,13
5837,13
5838,13
5839,13
5840,13
5841,13
5842,13
5843,13
5844,13
5845,13
5846,13
5847,13
5848,13
5849,13
5850,13
5851,13
5852,13
5853,13
5854,13
5855,13
5856,13
5857,13
5858,13
5859,13
5860,13
5861,13
5862,13
5863,13
5864,13
5865,13
5866,13
5867,13
5868,13
5869,13
5870,13
5871,13
5872,13
5873,13
5874,13
5875,13
5876,13
5877,13
5878,13
5879,13
5880,13
5881,13
5882,13
5883,13
5884,13
5885,13
5886,13
5887,13
5888,13
5889,13
5890,13
5891,13
5892,13
5893,13
5894,13
5895,13
5896,13
5897,13
5898,13
5899,13
5900,13
5901,13
5902,13
5903,13
5904,13
5905,13
5906,13
5907,13
5908,13
5909,13
5910,13
5911,13
5912,13
5913,13
5914,13
5915,13
5916,13
5917,13
5918,13
5919,13
5920,13
5921,13
5922,13
5923,13
5924,13
5925,13
5926,13
5927,13
5928,13
5929,13
5930,13
5931,13
5932,13
5933,13
5934,13
5935,13
5936,13
5937,13
5938,13
5939,13
5940,13
5941,13
5942,13
5943,13
5944,13
5945,13
5946,13
5947,13
5948,13
5949,13
5950,13
5951,13
5952,13
5953,13
5954,13
5955,13
5956,13
5957,13
5958,13
5959,13
5960,13
5961,13
5962,13
5963,13
5964,13
5965,13
5966,13
5967,13
5968,13
5969,13
5970,13
5971,13
5972,13
5973,13
5974,13
5975,13
5976,13
5977,13
5978,13
5979,13
5980,13
5981,13
5982,13
5983,13
5984,13
5985,13
5986,13
5987,13
5988,13
5989,13
5990,13
5991,13
5992,13
5993,13
5994,13
5995,13
5996,13
5997,13
5998,13
5999,13
6000,13
6001,13
6002,13
6003,13
6004,13
6005,13
6006,13
6007,13
6008,13
6009,13
6010,13
6011,13
6012,13
6013,13
6014,13
6015,13
6016,13
6017,13
6018,13
6019,13
6020,13
6021,13
6022,13
6023,13
6024,13
6025,13
6026,13
6027,13
6028,13
6029,13
6030,13
6031,13
6032,13
6033,13
6034,13
6035,13
6036,13
6037,13
6038,13
6039,13
6040,13
6041,13
6042,13
6043,13
6044,13
6045,13
6046,13
6047,12
6048,12
6049,12
6050,12
6051,12
6052,12
6053,12
6054,12
6055,12
6056,12
6057,12
6058,12
6059,12
6060,12
6061,12
6062,12
6063,12
6064,12
6065,12
6066,12
6067,12
6068,12
6069,12
6070,12
6071,12
6072,12
6073,12
6074,12
6075,12
6076,12
6077,12
6078,12
6079,12
6080,12
6081,12
6082,12
6083,12
6084,12
6085,12
6086,12
6087,12
6088,12
6089,12
6090,12
6091,12
6092,12
6093,12
6094,12
6095,12
6096,12
6097,12
6098,12
6099,12
6100,12
6101,12
6102,12
6103,12
6104,12
6105,12
6106,12
6107,12
6108,12
6109,12
6110,12
6111,12
6112,12
6113,12
6114,12
6115,12
6116,12
6117,12
6118,12
6119,12
6120,12
6121,12
6122,12
6123,12
6124,12
6125,12
6126,12
6127,12
6128,12
6129,12
6130,12
6131,12
6132,12
6133,12
6134,12
6135,12
6136,12
6137,12
6138,12
6139,12
6140,12
6141,12
6142,12
6143,12
6144,12
6145,12
6146,12
6147,12
6148,12
6149,12
6150,12
6151,12
6152,12
6153,12
6154,12
6155,12
6156,12
6157,12
6158,12
6159,12
6160,12
6161,12
6162,12
6163,12
6164,12
6165,12
6166,12
6167,12
6168,12
6169,12
6170,12
6171,12
6172,12
6173,12
6174,12
6175,12
6176,12
6177,12
6178,12
6179,12
6180,12
6181,12
6182,12
6183,12
6184,12
6185,12
6186,12
6187,12
6188,12
6189,12
6190,12
6191,12
6192,12
6193,12
6194,12
6195,12
6196,12
6197,12
6198,12
6199,12
6200,12
6201,12
6202,12
6203,12
6204,12
6205,12
6206,12
6207,12
6208,12
6209,12
6210,12
6211,12
6212,12
6213,12
6214,12
6215,12
6216,12
6217,12
6218,12
6219,12
6220,12
6221,12
6222,12
6223,12
6224,12
6225,12
6226,12
6227,12
6228,12
6229,12
6230,12
6231,12
6232,12
6233,12
6234,12
6235,12
6236,12
6237,12
6238,12
6239,12
6240,12
6241,12
6242,12
6243,12
6244,12
6245,12
6246,12
6247,12
6248,12
6249,12
6250,12
6251,12
6252,12
6253,12
6254,12
6255,12
6256,12
6257,12
6258,12
6259,12
6260,12
6261,12
6262,12
6263,12
6264,12
6265,12
6266,12
6267,12
6268,12
6269,12
6270,12
6271,12
6272,12
6273,12
6274,12
6275,12
6276,12
6277,12
6278,12
6279,12
6280,12
6281,12
6282,12
6283,12
6284,12
6285,12
6286,12
6287,12
6288,12
6289,12
6290,12
6291,12
6292,12
6293,12
6294,12
6295,12
6296,12
6297,12
6298,12
6299,12
6300,12
6301,12
6302,12
6303,12
6304,12
6305,12
6306,12
6307,12
6308,12
6309,12
6310,12
6311,12
6312,12
6313,12
6314,12
6315,12
6316,12
6317,12
6318,12
6319,12
6320,12
6321,12
6322,12
6323,12
6324,12
6325,12
6326,12
6327,12
6328,12
6329,12
6330,12
6331,12
6332,12
6333,12
6334,12
6335,12
6336,12
6337,12
6338,12
6339,11
6340,11
6341,11
6342,11
6343,11
6344,11
6345,11
6346,11
6347,11
6348,11
6349,11
6350,11
6351,11
6352,11
6353,11
6354,11
6355,11
6356,11
6357,11
6358,11
6359,11
6360,11
6361,11
6362,11
6363,11
6364,11
6365,11
6366,11
6367,11
6368,11
6369,11
6370,11
6371,11
6372,11
6373,11
6374,11
6375,11
6376,11
6377,11
6378,11
6379,11
6380,11
6381,11
6382,11
6383,11
6384,11
6385,11
6386,11
6387,11
6388,11
6389,11
6390,11
6391,11
6392,11
6393,11
6394,11
6395,11
6396,11
6397,11
6398,11
6399,11
6400,11
6401,11
6402,11
6403,11
6404,11
6405,11
6406,11
6407,11
6408,11
6409,11
6410,11
6411,11
6412,11
6413,11
6414,11
6415,11
6416,11
6417,11
6418,11
6419,11
6420,11
6421,11
6422,11
6423,11
6424,11
6425,11
6426,11
6427,11
6428,11
6429,11
6430,11
6431,11
6432,11
6433,11
6434,11
6435,11
6436,11
6437,11
6438,11
6439,11
6440,11
6441,11
6442,11
6443,11
6444,11
6445,11
6446,11
6447,11
6448,11
6449,11
6450,11
6451,11
6452,11
6453,11
6454,11
6455,11
6456,11
6457,11
6458,11
6459,11
6460,11
6461,11
6462,11
6463,11
6464,11
6465,11
6466,11
6467,11
6468,11
6469,11
6470,11
6471,11
6472,11
6473,11
6474,11
6475,11
6476,11
6477,11
6478,11
6479,11
6480,11
6481,11
6482,11
6483,11
6484,11
6485,11
6486,11
6487,11
6488,11
6489,11
6490,11
6491,11
6492,11
6493,11
6494,11
6495,11
6496,11
6497,11
6498,11
6499,11
6500,11
6501,11
6502,11
6503,11
6504,11
6505,11
6506,11
6507,11
6508,11
6509,11
6510,11
6511,11
6512,11
6513,11
6514,11
6515,11
6516,11
6517,11
6518,11
6519,11
6520,11
6521,11
6522,11
6523,11
6524,11
6525,11
6526,11
6527,11
6528,11
6529,11
6530,11
6531,11
6532,11
6533,11
6534,11
6535,11
6536,11
6537,11
6538,11
6539,11
6540,11
6541,11
6542,11
6543,11
6544,11
6545,11
6546,11
6547,11
6548,11
6549,11
6550,11
6551,11
6552,11
6553,11
6554,11
6555,11
6556,11
6557,11
6558,11
6559,11
6560,11
6561,11
6562,11
6563,11
6564,11
6565,11
6566,11
6567,11
6568,11
6569,11
6570,11
6571,11
6572,11
6573,11
6574,11
6575,11
6576,11
6577,11
6578,11
6579,11
6580,11
6581,11
6582,11
6583,11
6584,11
6585,11
6586,11
6587,11
6588,11
6589,11
6590,11
6591,11
6592,11
6593,11
6594,11
6595,11
6596,11
6597,11
6598,11
6599,11
6600,11
6601,11
6602,11
6603,11
6604,11
6605,11
6606,11
6607,11
6608,10
6609,10
6610,10
6611,10
6612,10
6613,10
6614,10
6615,10
6616,10
6617,10
6618,10
6619,10
6620,10
6621,10
6622,10
6623,10
6624,10
6625,10
6626,10
6627,10
6628,10
6629,10
6630,10
6631,10
6632,10
6633,10
6634,10
6635,10
6636,10
6637,10
6638,10
6639,10
6640,10
6641,10
6642,10
6643,10
6644,10
6645,10
6646,10
6647,10
6648,10
6649,10
6650,10
6651,10
6652,10
6653,10
6654,10
6655,10
6656,10
6657,10
6658,10
6659,10
6660,10
6661,10
6662,10
6663,10
6664,10
6665,10
6666,10
6667,10
6668,10
6669,10
6670,10
6671,10
6672,10
6673,10
6674,10
6675,10
6676,10
6677,10
6678,10
6679,10
6680,10
6681,10
6682,10
6683,10
6684,10
6685,10
6686,10
6687,10
6688,10
6689,10
6690,10
6691,10
6692,10
6693,10
6694,10
6695,10
6696,10
6697,10
6698,10
6699,10
6700,10
6701,10
6702,10
6703,10
6704,10
6705,10
6706,10
6707,10
6708,10
6709,10
6710,10
6711,10
6712,10
6713,10
6714,10
6715,10
6716,10
6717,10
6718,10
6719,10
6720,10
6721,10
6722,10
6723,10
6724,10
6725,10
6726,10
6727,10
6728,10
6729,10
6730,10
6731,10
6732,10
6733,10
6734,10
6735,10
6736,10
6737,10
6738,10
6739,10
6740,10
6741,10
6742,10
6743,10
6744,10
6745,10
6746,10
6747,10
6748,10
6749,10
6750,10
6751,10
6752,10
6753,10
6754,10
6755,10
6756,10
6757,10
6758,10
6759,10
6760,10
6761,10
6762,10
6763,10
6764,10
6765,10
6766,10
6767,10
6768,10
6769,10
6770,10
6771,10
6772,10
6773,10
6774,10
6775,10
6776,10
6777,10
6778,10
6779,10
6780,10
6781,10
6782,10
6783,10
6784,10
6785,10
6786,10
6787,10
6788,10
6789,10
6790,10
6791,10
6792,10
6793,10
6794,10
6795,10
6796,10
6797,10
6798,10
6799,10
6800,10
6801,10
6802,10
6803,10
6804,10
6805,10
6806,10
6807,10
6808,10
6809,10
6810,10
6811,10
6812,10
6813,10
6814,10
6815,10
6816,10
6817,10
6818,10
6819,10
6820,10
6821,10
6822,10
6823,10
6824,10
6825,10
6826,10
6827,10
6828,10
6829,10
6830,10
6831,10
6832,10
6833,10
6834,10
6835,10
6836,10
6837,10
6838,10
6839,10
6840,10
6841,10
6842,10
6843,10
6844,10
6845,10
6846,10
6847,10
6848,10
6849,10
6850,10
6851,10
6852,10
6853,10
6854,10
6855,10
6856,10
6857,10
6858,10
6859,10
6860,10
6861,10
6862,10
6863,10
6864,10
6865,10
6866,10
6867,10
6868,10
6869,10
6870,10
6871,10
6872,10
6873,10
6874,10
6875,10
6876,10
6877,10
6878,10
6879,10
6880,10
6881,10
6882,10
6883,10
6884,10
6885,10
6886,10
6887,10
6888,10
6889,10
6890,10
6891,10
6892,10
6893,10
6894,10
6895,10
6896,10
6897,10
6898,10
6899,10
6900,10
6901,10
6902,10
6903,10
6904,10
6905,10
6906,10
6907,10
6908,10
6909,10
6910,10
6911,10
6912,10
6913,10
6914,10
6915,10
6916,10
6917,10
6918,10
6919,10
6920,10
6921,10
6922,10
6923,10
6924,10
6925,10
6926,10
6927,10
6928,10
6929,10
6930,10
6931,10
6932,10
6933,10
6934,10
6935,10
6936,10
6937,10
6938,10
6939,10
6940,10
6941,10
6942,10
6943,10
6944,10
6945,10
6946,10
6947,10
6948,10
6949,10
6950,10
6951,10
6952,10
6953,10
6954,10
6955,10
6956,10
